{
    "mae": 2057.94770673597,
    "mape": 0.12526297699436506,
    "evs": 0.7707674504229077,
    "r2": 0.5816593457049937,
    "mean_waste": 15.304198349685066,
    "mean_stockout": -2243.6425711347233
}
