{
    "mae": 2311.2553710937495,
    "mape": 0.15892392490102555,
    "evs": 0.6533159173260572,
    "r2": 0.5746953264989401,
    "mean_waste": 2181.9233398437495,
    "mean_stockout": -2957.91552734375
}
